Workbook
Name Slicer_Product_Name: #N/A
Name Slicer_Store: #N/A

Sheet Dashboard
B2: Store Selector | D2: Total Received | F2: Total Dispatched | H2: Quantity Available | L2: Trend | P2: Product Selector
P4: Product Name | Q4: All
D10: Bottom 10 Stock Quantity
D12: Product ID | F12: Product Name | H12: Location | J12: Qty Available | L12: Re-order Level | O12: Percentage of stock Available
D13: =calcutaions!R4 -> P-006 | F13: =calcutaions!S4 -> Product 6 | H13: =calcutaions!T4 -> Store 1 | J13: =calcutaions!U4 -> 10 | L13: =calcutaions!V4 -> 40
D14: =calcutaions!R5 -> P-004 | F14: =calcutaions!S5 -> Product 4 | H14: =calcutaions!T5 -> Store 4 | J14: =calcutaions!U5 -> 13 | L14: =calcutaions!V5 -> 32
D15: =calcutaions!R6 -> P-007 | F15: =calcutaions!S6 -> Product 7 | H15: =calcutaions!T6 -> Store 2 | J15: =calcutaions!U6 -> 28 | L15: =calcutaions!V6 -> 46
D16: =calcutaions!R7 -> P-020 | F16: =calcutaions!S7 -> Product 20 | H16: =calcutaions!T7 -> Store 5 | J16: =calcutaions!U7 -> 28 | L16: =calcutaions!V7 -> 32
D17: =calcutaions!R8 -> P-001 | F17: =calcutaions!S8 -> Product 1 | H17: =calcutaions!T8 -> Store 1 | J17: =calcutaions!U8 -> 42 | L17: =calcutaions!V8 -> 48
D18: =calcutaions!R9 -> P-014 | F18: =calcutaions!S9 -> Product 14 | H18: =calcutaions!T9 -> Store 4 | J18: =calcutaions!U9 -> 45 | L18: =calcutaions!V9 -> 40
D19: =calcutaions!R10 -> P-010 | F19: =calcutaions!S10 -> Product 10 | H19: =calcutaions!T10 -> Store 5 | J19: =calcutaions!U10 -> 49 | L19: =calcutaions!V10 -> 28
D20: =calcutaions!R11 -> P-012 | F20: =calcutaions!S11 -> Product 12 | H20: =calcutaions!T11 -> Store 2 | J20: =calcutaions!U11 -> 63 | L20: =calcutaions!V11 -> 52
D21: =calcutaions!R12 -> P-003 | F21: =calcutaions!S12 -> Product 3 | H21: =calcutaions!T12 -> Store 3 | J21: =calcutaions!U12 -> 75 | L21: =calcutaions!V12 -> 60
D22: =calcutaions!R13 -> P-017 | F22: =calcutaions!S13 -> Product 17 | H22: =calcutaions!T13 -> Store 2 | J22: =calcutaions!U13 -> 88 | L22: =calcutaions!V13 -> 54
D23: =calcutaions!R14 -> P-005 | F23: =calcutaions!S14 -> Product 5 | H23: =calcutaions!T14 -> Store 5 | J23: =calcutaions!U14 -> 98 | L23: =calcutaions!V14 -> 30

Sheet Products
A1: Product Id | B1: Product Name | C1: Store | D1: Re-Order Level | E1: Re-Order Quantity
A2: P-001 | B2: Product 1 | C2: Store 1 | D2: 48 | E2: 120
A3: P-002 | B3: Product 2 | C3: Store 2 | D3: 46 | E3: 115
A4: P-003 | B4: Product 3 | C4: Store 3 | D4: 60 | E4: 150
A5: P-004 | B5: Product 4 | C5: Store 4 | D5: 32 | E5: 110
A6: P-005 | B6: Product 5 | C6: Store 5 | D6: 30 | E6: 110
A7: P-006 | B7: Product 6 | C7: Store 1 | D7: 40 | E7: 100
A8: P-007 | B8: Product 7 | C8: Store 2 | D8: 46 | E8: 110
A9: P-008 | B9: Product 8 | C9: Store 3 | D9: 56 | E9: 120
A10: P-009 | B10: Product 9 | C10: Store 4 | D10: 70 | E10: 150
A11: P-010 | B11: Product 10 | C11: Store 5 | D11: 28 | E11: 100
A12: P-011 | B12: Product 11 | C12: Store 1 | D12: 40 | E12: 100
A13: P-012 | B13: Product 12 | C13: Store 2 | D13: 52 | E13: 120
... A21: P-020 | B21: Product 20 | C21: Store 5 | D21: 32 | E21: 100

Sheet calcutaions
B1: Transaction Type | C1: Receipt | F1: Transaction Type | G1: Dispatch
B3: Receipts | F3: Dispatch | J3: Quantity | L3: Row Labels | M3: Sum of Quantity | R3: Product Id | S3: Product Name | T3: Store | U3: Sum of Quantity | V3: Sum of Re-Order Level
B4: 4540 | F4: -2827 | J4: 1713 | L4: January | M4: 1275 | O4: Jan | P4: =M4 -> 1275 | R4: P-006 | S4: Product 6 | T4: Store 1 | U4: 10 | V4: 40
L5: February | M5: 2575 | O5: Feb | P5: =M5 -> 2575 | R5: P-004 | S5: Product 4 | T5: Store 4 | U5: 13 | V5: 32
L6: March | M6: 2124 | O6: Mar | P6: =M6 -> 2124 | R6: P-007 | S6: Product 7 | T6: Store 2 | U6: 28 | V6: 46
A7: Availability | B7: =1-B8 -> 0.62268722 | L7: April | M7: 1801 | O7: Apr | P7: =M7 -> 1801 | R7: P-020 | S7: Product 20 | T7: Store 5 | U7: 28 | V7: 32
B8: =J4/B4 -> 0.37731278 | L8: May | M8: 1526 | O8: May | P8: =M8 -> 1526 | R8: P-001 | S8: Product 1 | T8: Store 1 | U8: 42 | V8: 48
L9: June | M9: 1797 | O9: Jun | P9: =M9 -> 1797 | R9: P-014 | S9: Product 14 | T9: Store 4 | U9: 45 | V9: 40
L10: July | M10: 1839 | O10: Jul | P10: =M10 -> 1839 | R10: P-010 | S10: Product 10 | T10: Store 5 | U10: 49 | V10: 28
L11: August | M11: 2141 | O11: Aug | P11: =M11 -> 2141 | R11: P-012 | S11: Product 12 | T11: Store 2 | U11: 63 | V11: 52
L12: September | M12: 2020 | O12: Sep | P12: =M12 -> 2020 | R12: P-003 | S12: Product 3 | T12: Store 3 | U12: 75 | V12: 60
L13: October | M13: 2019 | O13: Oct | P13: =M13 -> 2019 | R13: P-017 | S13: Product 17 | T13: Store 2 | U13: 88 | V13: 54
L14: November | M14: 2034 | O14: Nov | P14: =M14 -> 2034 | R14: P-005 | S14: Product 5 | T14: Store 5 | U14: 98 | V14: 30
L15: December | M15: 1713 | O15: Dec | P15: =M15 -> 1713 | R15: P-009 | S15: Product 9 | T15: Store 4 | U15: 104 | V15: 70
R16: P-016 | S16: Product 16 | T16: Store 1 | U16: 125 | V16: 36
R17: P-019 | S17: Product 19 | T17: Store 4 | U17: 125 | V17: 34
R18: P-011 | S18: Product 11 | T18: Store 1 | U18: 128 | V18: 40
R19: P-015 | S19: Product 15 | T19: Store 5 | U19: 130 | V19: 38
R20: P-002 | S20: Product 2 | T20: Store 2 | U20: 130 | V20: 46
R21: P-013 | S21: Product 13 | T21: Store 3 | U21: 132 | V21: 34
R22: P-018 | S22: Product 18 | T22: Store 3 | U22: 134 | V22: 50
R23: P-008 | S23: Product 8 | T23: Store 3 | U23: 166 | V23: 56

Sheet Transactions
A1: Date | B1: Product Id | C1: Transaction Type | D1: Quantity
A2: 45659 | B2: P-001 | C2: Receipt | D2: 140
A3: 45661 | B3: P-002 | C3: Receipt | D3: 135
A4: 45665 | B4: P-003 | C4: Receipt | D4: 170
A5: 45667 | B5: P-004 | C5: Receipt | D5: 135
A6: 45668 | B6: P-005 | C6: Receipt | D6: 135
A7: 45669 | B7: P-006 | C7: Receipt | D7: 120
A8: 45683 | B8: P-007 | C8: Receipt | D8: 130
A9: 45686 | B9: P-008 | C9: Receipt | D9: 140
A10: 45686 | B10: P-009 | C10: Receipt | D10: 170
A11: 45694 | B11: P-010 | C11: Receipt | D11: 120
A12: 45697 | B12: P-011 | C12: Receipt | D12: 120
A13: 45697 | B13: P-012 | C13: Receipt | D13: 140
... A103: 46016 | B103: P-009 | C103: Dispatch | D103: -110
